grapherId,slug,chartType,md5,svgFilename
5066,covid-variants-area,StackedArea,5535c25604689f157c5d8e8ba0fade9b,covid-variants-area_v665_850x600.svg
5608,share-democracies-autocracies-row,StackedArea,fbe4473a1448a63498d421272ef99bec,share-democracies-autocracies-row_v26_850x600.svg
5854,cumulative-exoplanets-by-method,StackedArea,34e5514384c82925bbfb8fb88c9ee293,cumulative-exoplanets-by-method_v27_850x600.svg
6048,distribution-of-population-poverty-thresholds-2011-ppp,StackedArea,3fa98013e6edeae5add2b2fe9f5af800,distribution-of-population-poverty-thresholds-2011-ppp_v42_850x600.svg
5699,people-living-in-democracies-autocracies-amb-row,StackedArea,90cb18b38c518430443ec84fda4ecd61,people-living-in-democracies-autocracies-amb-row_v49_850x600.svg
5451,people-living-in-democracies-autocracies,StackedArea,8277d8323d5a78d2d1ff7583a217f14f,people-living-in-democracies-autocracies_v42_850x600.svg
6244,employer-new-artificial-intelligence-phds-stacked-area,StackedArea,75a360f849e6fa851b46fe567ee5fc30,employer-new-artificial-intelligence-phds-stacked-area_v33_850x600.svg
6412,share-of-countries-with-woman-head-of-government,StackedArea,0b69213671702882ae0b0c0d6be478a2,share-of-countries-with-woman-head-of-government_v30_850x600.svg
6415,people-living-in-countries-with-woman-head-of-government,StackedArea,c3a3fa0b249a2949507b05a39a7c0522,people-living-in-countries-with-woman-head-of-government_v41_850x600.svg
5600,the-number-of-active-state-based-conflicts,StackedArea,8524a7212f2d082e938e07ba94028fe6,the-number-of-active-state-based-conflicts_v7_850x600.svg
5801,share-long-standing-democracies-polity,StackedArea,83d446c487130bed258ad2a10563b53f,share-long-standing-democracies-polity_v43_850x600.svg
5717,share-democracies-nondemocracies-fh,StackedArea,62e07bf4c3562ae0c7fafb54eeeaa9bd,share-democracies-nondemocracies-fh_v37_850x600.svg
5929,share-of-population-living-in-extreme-poverty-cost-of-basic-needs,StackedArea,860e9e1c5f6928704bb6114382c8aad7,share-of-population-living-in-extreme-poverty-cost-of-basic-needs_v12_850x600.svg
6307,child-deaths-by-world-region-un-data,StackedArea,5f82f81307d6017d3a692cd19d551ae8,child-deaths-by-world-region-un-data_v3_850x600.svg
5316,fish-catch-gear-type,StackedArea,0ad0c2331c1667aed125b34f262c320b,fish-catch-gear-type_v4_850x600.svg
5772,share-long-standing-polyarchies-lied,StackedArea,103dbc7dc4ed6b860aaba0b4a5745209,share-long-standing-polyarchies-lied_v39_850x600.svg
5786,share-free-countries-fh,StackedArea,01354a444b0140f4466a5c1cf1c1fbd4,share-free-countries-fh_v40_850x600.svg
5329,new-vehicles-type-area,StackedArea,e4caf2d3eef280f5c4ceb1ee84cefed1,new-vehicles-type-area_v6_850x600.svg
5927,distribution-of-population-between-different-poverty-thresholds-historical,StackedArea,ca1a640e6b42d1cdd3db62daf1198c40,distribution-of-population-between-different-poverty-thresholds-historical_v9_850x600.svg
5140,fish-landings-and-discards,StackedArea,be188f092a9e42e20fe7975e75567e9a,fish-landings-and-discards_v4_850x600.svg
4862,gdp-world-regions-stacked-area,StackedArea,0029a48eb7a990169affa7616eefba54,gdp-world-regions-stacked-area_v9_850x600.svg
6399,share-of-countries-with-universal-suffrage,StackedArea,0a22b5e4177203a8979eaf998f367463,share-of-countries-with-universal-suffrage_v10_850x600.svg
5718,people-living-in-democracies-nondemocracies-fh,StackedArea,a02f09725df0b6547ad34dfe27d176a9,people-living-in-democracies-nondemocracies-fh_v47_850x600.svg
5720,people-living-in-free-countries-fh,StackedArea,a6517604272071ca0ca204abc7e67d1f,people-living-in-free-countries-fh_v47_850x600.svg
4655,drivers-forest-loss-brazil-amazon,StackedArea,62e508f7a020b065825a0590fd52c5c9,drivers-forest-loss-brazil-amazon_v5_850x600.svg
5928,share-of-population-living-in-extreme-poverty-historical,StackedArea,ffb7ec776b453866c34d6a419d16c80a,share-of-population-living-in-extreme-poverty-historical_v11_850x600.svg
4813,food-emissions-life-cycle,StackedArea,597499883280676359acb1cdd49995c7,food-emissions-life-cycle_v11_850x600.svg
5767,share-democracies-autocracies-lied,StackedArea,60de260266a0f69f2e0143e6db35196b,share-democracies-autocracies-lied_v36_850x600.svg
5705,people-living-in-democracies-nondemocracies-womsuffr-bmr,StackedArea,f12cbd16516e1b7caee8316d0b856ac8,people-living-in-democracies-nondemocracies-womsuffr-bmr_v47_850x600.svg
4876,distribution-of-population-between-different-poverty-thresholds-up-to-30-dollars,StackedArea,81735dfc94438a06c2a8bac7e8cc74b2,distribution-of-population-between-different-poverty-thresholds-up-to-30-dollars_v24_850x600.svg
6142,people-living-countries-legalized-sex-marriage,StackedArea,d861853d372e828273581e10a3a965cf,people-living-countries-legalized-sex-marriage_v14_850x600.svg
5357,people-without-clean-cooking-fuels-region,StackedArea,67cfec392841c3d3bbc1dcc2a569896a,people-without-clean-cooking-fuels-region_v3_850x600.svg
5961,number-of-people-living-in-extreme-poverty-by-region-190,StackedArea,7b18b0b4ee3eea85ba45aeb9adc8e702,number-of-people-living-in-extreme-poverty-by-region-190_v18_850x600.svg
6348,share-energy-source-sub-stacked,StackedArea,c7c210ca03ef0dd2df0d5c3510c9dd7b,share-energy-source-sub-stacked_v25_850x600.svg
4685,global-land-use-since-10000bc,StackedArea,ace9a5f3a41e372bf04dc434da6f9eef,global-land-use-since-10000bc_v7_850x600.svg
5905,share-democratizing-autocratizing-countries-ert,StackedArea,cc7e5b6b24614341043cd3ff86b3f214,share-democratizing-autocratizing-countries-ert_v70_850x600.svg
5139,above-or-below-extreme-poverty-line-world-bank,StackedArea,1972531addbb51882a3d642bd18a357f,above-or-below-extreme-poverty-line-world-bank_v18_850x600.svg
6313,electricty-source-wb-stacked,StackedArea,79b92d2514824a919645083e49b10bcf,electricty-source-wb-stacked_v1_850x600.svg
4676,land-use-for-vegetable-oil-crops,StackedArea,5607e5065c942e77bd2f29953455ec0d,land-use-for-vegetable-oil-crops_v4_850x600.svg
6382,people-living-in-countries-by-women-in-parliament,StackedArea,304bf14f128dfacb2d515c837252c701,people-living-in-countries-by-women-in-parliament_v10_850x600.svg
5993,income-share-distribution,StackedArea,6070a06a18206b31c922ab452039ecde,income-share-distribution_v21_850x600.svg
5704,people-living-in-long-standing-democracies-womsuffr-bmr,StackedArea,2742cad3c24783ac8d527dd592c21877,people-living-in-long-standing-democracies-womsuffr-bmr_v56_850x600.svg
4766,cumulative-co2-fuel,StackedArea,c9e0e28301b300dc85ad74dc69ba32a2,cumulative-co2-fuel_v19_850x600.svg
4792,reconstruction-of-historical-global-extreme-poverty-rates-1820-2017-roser-and-hasell-2021-and-world-bank2020,StackedArea,c591d2e02ef8d37d7539209d83b07b68,reconstruction-of-historical-global-extreme-poverty-rates-1820-2017-roser-and-hasell-2021-and-world-bank2020_v8_850x600.svg
6406,active-mobile-money-accounts,StackedArea,f00b1bdcbec0faf9f4a1571199ebadc1,active-mobile-money-accounts_v4_850x600.svg
5042,historical-national-accounts-estimates-of-the-distribution-of-people-living-at-different-income-thresholds-globally,StackedArea,129ffc2d0ca2c44df609fd3055781485,historical-national-accounts-estimates-of-the-distribution-of-people-living-at-different-income-thresholds-globally_v3_850x600.svg
5848,space-objects-by-orbit,StackedArea,8794d24860fa1607402a6553eb155e04,space-objects-by-orbit_v37_850x600.svg
5679,share-long-standing-liberal-democracies-row,StackedArea,6bb5fbabf65bfdb089dd20c705f3cdf2,share-long-standing-liberal-democracies-row_v29_850x600.svg
4555,global-co2-emissions-fossil-land,StackedArea,a422a4cc162997d2a52f3fa2450bdfbb,global-co2-emissions-fossil-land_v12_850x600.svg
5822,people-living-in-democracies-autocracies-bti,StackedArea,bf73cca8ceadf6bdfba7d2e3a61f1f08,people-living-in-democracies-autocracies-bti_v56_850x600.svg
5677,share-long-standing-electoral-democracies,StackedArea,0c428c43090d46a80ea173a20f6e84c5,share-long-standing-electoral-democracies_v25_850x600.svg
5683,people-living-in-long-standing-democracies-bmr,StackedArea,90043bda7608adfdc27ba1cead36bd0a,people-living-in-long-standing-democracies-bmr_v50_850x600.svg
4590,forest-area-primary-planted,StackedArea,daee50eb92f5916552f1544a59481e09,forest-area-primary-planted_v10_850x600.svg
6400,people-living-in-countries-with-universal-suffrage,StackedArea,f5baf9d128d66b6143c95a0622c39e52,people-living-in-countries-with-universal-suffrage_v18_850x600.svg
5847,low-earth-orbits-objects,StackedArea,ccd7a6a88078d86e2a0e92e7295f9b77,low-earth-orbits-objects_v45_850x600.svg
5832,people-living-in-democracies-nondemocracies-eiu,StackedArea,15c03fba6a2c44ba370d3339c7f1be43,people-living-in-democracies-nondemocracies-eiu_v53_850x600.svg
4520,households-actual-and-imputed-rent-as-share-of-gdp-oecd,StackedArea,f398b608938646624e9e898feff56e48,households-actual-and-imputed-rent-as-share-of-gdp-oecd_v4_850x600.svg
6410,share-of-countries-with-woman-chief-executive,StackedArea,7712f26f87e6cc6312cebd93a59634a8,share-of-countries-with-woman-chief-executive_v23_850x600.svg
6417,people-living-in-countries-with-woman-chief-executive,StackedArea,679a143915032d57852dcda0ecb6ae37,people-living-in-countries-with-woman-chief-executive_v25_850x600.svg
5834,share-democracies-nondemocracies-eiu,StackedArea,d9ee774a7366abeac8f33e86fbd38c84,share-democracies-nondemocracies-eiu_v43_850x600.svg
4785,covid-vaccine-doses-by-manufacturer,StackedArea,fe82a50df86ef61e451a81b7b03b5550,covid-vaccine-doses-by-manufacturer_v981_850x600.svg
5802,people-living-in-long-standing-democracies-polity,StackedArea,b9ed3fa71491f514fb0c0cb841d6c60e,people-living-in-long-standing-democracies-polity_v55_850x600.svg
6416,people-living-in-countries-with-woman-head-of-state,StackedArea,a9d94f63451f58ba05c763d776f51f19,people-living-in-countries-with-woman-head-of-state_v35_850x600.svg
6411,share-of-countries-with-woman-head-of-state,StackedArea,e7dc090d921679bcd4f82e990e0d727c,share-of-countries-with-woman-head-of-state_v27_850x600.svg
5776,people-living-in-long-standing-electoral-democracies-lied,StackedArea,d88c4a406d21465a5e5149701a8dc35d,people-living-in-long-standing-electoral-democracies-lied_v49_850x600.svg
5984,world-inequality-database-wid---pretax-income,StackedArea,13b852968e0f3deade8c57e9343f25dd,world-inequality-database-wid---pretax-income_v12_850x600.svg
6196,deaths-by-age-group,StackedArea,929ab36efc4b6abe4a8ac8e4cf5d14d7,deaths-by-age-group_v6_850x600.svg
5770,share-long-standing-electoral-democracies-lied,StackedArea,f41a86469f5419dc4343913b607d5e40,share-long-standing-electoral-democracies-lied_v34_850x600.svg
5777,people-living-in-long-standing-polyarchies-lied,StackedArea,5f0b8fc17682c9124fac974264c7bab2,people-living-in-long-standing-polyarchies-lied_v55_850x600.svg
5998,income-shares-by-quintile-pip,StackedArea,f1b2eae0e809e564a3b2067cbb62fb67,income-shares-by-quintile-pip_v14_850x600.svg
5701,share-democracies-autocracies-amb-row,StackedArea,bfb1f4d7728bb75bf8c579cf4c69a4f5,share-democracies-autocracies-amb-row_v38_850x600.svg
6380,number-of-countries-by-women-in-parliament,StackedArea,6ae26f65bb658627ab627b7261989af1,number-of-countries-by-women-in-parliament_v14_850x600.svg
5962,number-of-people-living-in-extreme-poverty-by-region-cbn,StackedArea,bf4570f9a3c087e038aecf57ba4cecca,number-of-people-living-in-extreme-poverty-by-region-cbn_v17_850x600.svg
5708,share-long-standing-democracies-womsuffr-bmr,StackedArea,949b6ce72c91ffc42288af0172d87db2,share-long-standing-democracies-womsuffr-bmr_v42_850x600.svg
5166,girls-and-boys-of-primary-school-age-who-are-out-of-school,StackedArea,e90097dbf9a09b3b66c1f057fcd1775c,girls-and-boys-of-primary-school-age-who-are-out-of-school_v9_850x600.svg
5132,wild-fish-allocation,StackedArea,eb3633daae5247056b84c6bf6e4937fd,wild-fish-allocation_v5_850x600.svg
5799,people-living-in-democracies-nondemocracies-polity,StackedArea,eea15183d8254267f01ab4e24149b52f,people-living-in-democracies-nondemocracies-polity_v50_850x600.svg
5907,people-living-in-democratizing-autocratizing-countries-ert,StackedArea,8977707bdb82a815e988b3847194f2a7,people-living-in-democratizing-autocratizing-countries-ert_v67_850x600.svg
5352,egg-production-system,StackedArea,391fdfd9f60025efe23bfb0f3834936f,egg-production-system_v2_850x600.svg
5707,share-democracies-nondemocracies-womsuffr-bmr,StackedArea,617e4cdcc3039558e6ecd888f5de4bce,share-democracies-nondemocracies-womsuffr-bmr_v35_850x600.svg
5798,share-democracies-nondemocracies-polity,StackedArea,f21dc47f60e4d9fecb3da0ad82d1f70e,share-democracies-nondemocracies-polity_v41_850x600.svg
5765,people-living-in-democracies-autocracies-lied,StackedArea,779882821183fe6d3ee542346a82ab8d,people-living-in-democracies-autocracies-lied_v47_850x600.svg
4964,electricity-mix-uk,StackedArea,280f0f4efa56131b8f4f189fafb5eda5,electricity-mix-uk_v17_850x600.svg
4707,historical-share-of-population-living-on-less-than-5-per-day-roser-hasell,StackedArea,009ce7530f39cbc7060568e14b98a335,historical-share-of-population-living-on-less-than-5-per-day-roser-hasell_v15_850x600.svg
5681,share-long-standing-democracies-bmr,StackedArea,1e8e1567a635fe818f9954676188ad23,share-long-standing-democracies-bmr_v30_850x600.svg
5675,people-living-in-long-standing-liberal-democracies-row,StackedArea,8df42675196ec90922e7f829e282d93d,people-living-in-long-standing-liberal-democracies-row_v47_850x600.svg
5483,near-earth-asteroids-discovered-over-time,StackedArea,80746a08e8f372591664c8acd4ce2b43,near-earth-asteroids-discovered-over-time_v30_850x600.svg
5821,share-democracies-autocracies-bti,StackedArea,b6a212f6a1e5949a95b6354644a43ab0,share-democracies-autocracies-bti_v41_850x600.svg
5674,people-living-in-long-standing-electoral-democracies-row,StackedArea,5b8f47b8d39fbbc4d10d55b63d86a348,people-living-in-long-standing-electoral-democracies-row_v46_850x600.svg
5680,people-living-in-democracies-nondemocracies-bmr,StackedArea,db90e8e8e422faf3d556d7963c0cea25,people-living-in-democracies-nondemocracies-bmr_v42_850x600.svg
